{"cameraMode":{"drawMode":0,"name":"Shaded","section":"Shading Mode"},"sceneLighting":true,"audioPlay":false,"sceneViewState":{"showFog":true,"showMaterialUpdate":true,"showSkybox":true,"showFlares":true,"showImageEffects":true,"showParticleSystems":true},"in2DMode":false,"pivot":{"x":-3.156944751739502,"y":0.0,"z":-36.69465637207031},"rotation":{"x":0.38037726283073428,"y":-0.12291058897972107,"z":0.051085520535707477,"w":0.9152070879936218},"size":5.3185577392578129,"orthographic":false}