{"cameraMode":{"drawMode":0,"name":"Shaded","section":"Shading Mode"},"sceneLighting":true,"audioPlay":false,"sceneViewState":{"showFog":true,"showMaterialUpdate":true,"showSkybox":true,"showFlares":true,"showImageEffects":true,"showParticleSystems":true},"in2DMode":false,"pivot":{"x":-0.711151123046875,"y":3.89794921875,"z":-4.0185546875},"rotation":{"x":0.33473145961761477,"y":-0.019786672666668893,"z":0.007030550856143236,"w":0.9420807361602783},"size":5.876830101013184,"orthographic":true}